{
  "run_name": "diagnostic_hitbucket_bf80_hitlrexpm025_ckpt500_20260517_212153",
  "checkpoint": "logs/diagnostic_hitbucket_bf80_hitlrexpm025_ckpt500_20260517_212153/state_step000500.pt",
  "hit_hist": "logs/diagnostic_hitbucket_bf80_hitlrexpm025_ckpt500_20260517_212153/engram_hit_hist_step000500.pt",
  "weight_key": "bigram_embed.embedding.weight",
  "weight_shape": [
    48293264,
    64
  ],
  "rows": 48293264,
  "hit_fraction": 0.9976152574818716,
  "corr_log_hit_row_rms": 0.6526118683812213,
  "hit_quantiles": {
    "0": 0.0,
    "0.1": 6.0,
    "0.25": 15.0,
    "0.5": 35.0,
    "0.75": 55.0,
    "0.9": 94.0,
    "0.99": 501.0,
    "1.0": 1455647.0
  },
  "log_hit_quantiles": {
    "0": 0.0,
    "0.1": 0.8450980186462402,
    "0.25": 1.2041200399398804,
    "0.5": 1.556302547454834,
    "0.75": 1.7481880187988281,
    "0.9": 1.9777235984802246,
    "0.99": 2.7007036209106445,
    "1.0": 6.163056373596191
  },
  "row_rms_quantiles": {
    "0": 0.006654371973127127,
    "0.1": 0.14328864216804504,
    "0.25": 0.18237537145614624,
    "0.5": 0.21328747272491455,
    "0.75": 0.24136051535606384,
    "0.9": 0.26591065526008606,
    "0.99": 0.3101028501987457,
    "1.0": 0.5717232823371887
  }
}